row ID,Peak m/z,Peak RT,Peak Height
102,193.989296,0.036803164,5173429.5
103,193.9892731,0.054094881,4835167.5
104,193.9892502,0.12326368,4956351
105,193.9892426,0.14055536,5040805.5
106,193.9893265,0.18378663,5228492
107,193.9892426,0.23566371,5444326
108,193.9892578,0.32212221,5305457
109,193.9892426,0.339416,5269987
110,193.9892731,0.39129313,5126418.5
111,193.9892578,0.4172307,5035256.5
112,193.9892578,0.49504537,4977689
113,193.9892654,0.56421211,5047486
114,193.9892654,0.61608718,5111351.5
115,193.9892654,0.65931848,4941557.5
116,193.9892502,0.68525601,5099933.5
117,193.9892426,0.7198394,5057600
118,193.9892883,0.8841167,5056125.5
119,193.9891968,0.96192928,4981089
120,193.9892349,1.0483877,5643693.5
121,193.9892578,1.0743273,5098069.5
122,193.9892197,1.152142,5156170
123,193.9892502,1.2386025,4899634
11,84.08084869,1.2558942,1.17E+07
124,193.9892349,1.273188,4843024.5
12,84.08085251,1.2818318,1.15E+07
125,193.9892654,1.3250631,4929612.5
126,193.9892426,1.385584,4907928
127,193.9893036,1.497982,4889148
128,193.9892273,1.5671509,5191987.5
129,193.9892502,1.6190259,5062406
130,193.989212,1.6363197,4941180
131,193.9892578,1.7227782,4881983
132,193.9892273,1.8005929,5017112.5
133,193.9892502,1.8351762,4806892
134,193.9892578,1.8957013,4941835
13,84.08084869,1.9129908,1.05E+07
14,84.08085632,1.973516,1.10E+07
135,193.9892502,2.0340369,5162604.5
136,193.9892807,2.2761247,4941117
15,84.08084869,2.4663395,1.04E+07
16,84.08084106,2.4836291,1.07E+07
17,84.08083344,2.7084252,1.06E+07
18,84.08087158,2.8208254,1.11E+07
19,84.08084869,3.5470909,1.05E+07
20,84.08086777,3.6508431,1.11E+07
21,84.08086395,3.6854286,1.15E+07
22,84.08084106,3.8151204,1.08E+07
23,84.08084869,3.9361622,1.08E+07
24,84.08085632,4.4376337,1.19E+07
25,84.08085632,4.532738,1.10E+07
26,84.08085251,4.9045197,1.11E+07
27,84.08081055,5.0255615,1.07E+07
28,84.08081818,5.0687928,1.07E+07
29,84.08082962,5.1206679,1.08E+07
30,84.08084106,5.1552533,1.09E+07
31,84.08082962,5.1898388,1.11E+07
32,84.08081436,5.22442,1.12E+07
33,84.08082581,5.5961997,1.07E+07
34,84.08081818,9.2880565,1.07E+07
35,84.08084869,9.5560818,1.12E+07
36,84.08086395,9.5820193,1.09E+07
37,84.08084869,9.6857715,1.13E+07
38,84.08083725,9.8673384,1.09E+07
39,84.08086395,9.9278594,1.09E+07
986,407.1366272,11.216119,3.29E+07
810,340.222168,11.27664,2.17E+08
816,340.7238312,11.27664,8.31E+07
1210,679.4372559,11.27664,2.23E+08
1213,680.4407349,11.27664,7.96E+07
1,83.06037903,11.285288,3.81E+07
1004,417.1642303,11.319872,2.35E+07
1001,415.168457,11.328517,5.46E+08
1002,416.1717682,11.328517,1.31E+08
2,83.06039429,11.337165,3.63E+07
3,83.06037521,11.691649,3.52E+07
1214,716.4577637,11.691649,2.43E+08
1215,717.4611206,11.691649,9.96E+07
629,310.1983337,11.743526,7698444
1085,476.3005066,11.743526,4.00E+07
1086,477.3038635,11.743526,1.12E+07
4,83.06035233,11.786755,3.27E+07
817,340.7607269,11.795401,1.96E+07
1211,679.5110168,11.795401,9628034
5,83.0603447,11.804049,3.41E+07
811,340.2590942,11.804049,4.90E+07
1058,455.2901306,11.804049,1.28E+09
1061,456.2934265,11.804049,3.74E+08
1067,457.2968903,11.804049,4.89E+07
812,340.2590942,11.821341,5.39E+07
818,340.7606964,11.821341,2.16E+07
1212,679.5111084,11.821341,1.03E+07
6,83.06033325,11.829989,3.49E+07
834,344.0956116,11.829989,1.82E+07
770,332.2112122,11.838633,1.44E+07
7,83.0603447,11.86457,3.49E+07
1111,502.2949982,11.86457,7.94E+08
1112,503.2983093,11.86457,2.84E+08
1113,504.3016357,11.86457,4.68E+07
1049,448.1550446,11.873216,1.21E+08
1053,449.1583862,11.873216,3.04E+07
1054,450.1520844,11.873216,7.86E+07
1055,451.1553955,11.873216,2.07E+07
8,83.06036377,11.881864,3.84E+07
844,354.2243958,11.881864,1.75E+07
1216,748.4837036,11.951031,1.08E+08
1217,749.4869995,11.951031,4.63E+07
904,376.2375641,11.959679,1.21E+07
966,398.2507477,12.011556,8342750.5
1013,419.2692261,12.037493,1.62E+08
1014,419.7709351,12.037493,7.64E+07
1218,837.5315247,12.037493,8.64E+07
1170,589.3790894,12.115308,6413297.5
9,83.06033707,12.132598,3.39E+07
611,307.0841064,12.132598,1.10E+08
396,264.2319641,12.141245,1.46E+07
425,275.0386047,12.141245,3.35E+07
438,277.035675,12.141245,2.07E+07
598,306.0807953,12.141245,6.36E+08
616,308.0778198,12.141245,4.10E+08
620,309.0811157,12.141245,7.77E+07
626,310.0748291,12.141245,6.50E+07
633,311.0781555,12.141245,1.23E+07
10,83.0603714,12.158535,3.68E+07
671,317.2061157,12.158535,7542968.5
1171,589.3792419,12.158535,5751764.5
672,317.2061768,12.175827,7881128.5
806,339.2192383,12.193121,9322660
469,282.2788849,12.21906,1.28E+09
470,283.2822571,12.21906,2.44E+08
475,284.2855225,12.21906,2.23E+07
511,292.2631836,12.21906,4.62E+07
807,339.2192078,12.21906,1.01E+07
808,339.2192383,12.253641,1.04E+07
867,361.2322388,12.253641,1.01E+07
905,376.2375641,12.262287,1.13E+07
868,361.2323151,12.279581,1.16E+07
906,376.2376404,12.279581,1.04E+07
869,361.2322998,12.296873,1.13E+07
967,398.2506561,12.322812,8181640.5
934,383.2453918,12.340102,1.08E+07
422,274.2527161,12.374687,1.73E+09
429,275.256012,12.374687,3.52E+08
435,276.2593384,12.374687,3.66E+07
423,274.2526093,12.391979,1.65E+09
430,275.256012,12.391979,3.36E+08
665,316.2478638,12.400625,6.86E+07
489,288.2682495,12.417917,1.58E+07
563,300.2803955,12.426565,1.73E+07
547,298.2738342,12.443854,1.08E+09
555,299.2770996,12.443854,2.13E+08
564,300.280426,12.443854,1.98E+07
863,360.2740021,12.443854,2.92E+07
595,305.26651,12.513023,4.07E+08
591,304.2632141,12.521669,1.87E+09
606,306.2697144,12.521669,4.15E+07
424,274.2738037,12.737821,2.42E+07
191,201.0462952,12.78105,1.41E+07
949,389.1624146,12.78105,3.49E+08
956,391.1594543,12.78105,1.11E+08
957,392.1626892,12.78105,2.62E+07
955,390.1657104,12.789696,7.88E+07
490,288.289505,13.04043,9.33E+08
495,289.2928467,13.04043,1.75E+08
329,244.2634277,13.075015,8.91E+07
476,284.2946777,13.135536,4.01E+07
477,284.2944794,13.161476,3.76E+07
323,242.2840042,13.204707,2.65E+09
324,242.2840881,13.221997,2.77E+09
326,243.2874908,13.221997,4.73E+08
330,244.2907715,13.221997,3.88E+07
478,284.2945557,13.230645,4.35E+07
482,285.2979431,13.239289,8645404
368,256.2997131,13.247934,2.64E+07
479,284.2946167,13.247934,4.18E+07
842,353.2584839,13.291166,3.24E+08
845,354.2618103,13.291166,8.28E+07
850,355.2651062,13.291166,9646211
487,286.2738647,13.299812,2.85E+07
259,228.2434082,13.412212,7.52E+07
488,286.2738953,13.490026,2.91E+07
1043,443.2328491,13.49867,1.32E+08
1044,444.2361755,13.49867,4.09E+07
995,414.9931946,13.524608,3.61E+07
1003,416.9902039,13.524608,4.70E+07
1012,418.9872742,13.524608,2.24E+07
686,320.1078186,13.576485,1.31E+07
548,298.3103027,13.593779,5.61E+07
556,299.3136597,13.593779,1.19E+07
549,298.3102722,13.611068,5.65E+07
557,299.3136292,13.611068,1.13E+07
687,320.1078339,13.619716,1.43E+07
866,361.2007141,13.766698,1.56E+07
855,359.1851196,13.827221,1.25E+07
856,359.1851196,13.861804,1.27E+07
857,359.1850586,13.879098,1.12E+07
666,316.320816,14.026077,4.84E+07
932,383.151886,14.190354,1.86E+08
935,384.1551819,14.190354,4.45E+07
942,385.1489258,14.190354,5.94E+07
944,386.1522217,14.190354,1.49E+07
933,383.1518555,14.207644,2.09E+08
936,384.1551819,14.207644,5.04E+07
943,385.1488953,14.216292,6.74E+07
945,386.1522217,14.216292,1.47E+07
333,245.1939697,14.588069,1.47E+07
327,244.1906433,14.596715,1.03E+08
246,226.1800919,14.605363,1.52E+07
328,244.1906433,14.631301,8.82E+07
788,336.1026764,14.933912,2.73E+07
298,238.1055374,14.959849,8488868
289,237.1021881,14.968497,5.26E+07
789,336.1027222,14.968497,3.18E+07
299,238.1055832,14.985787,8885556
290,237.1022491,15.003078,5.43E+07
300,238.1055908,15.003078,8525002
790,336.1027527,15.003078,2.77E+07
291,237.1021881,15.029018,4.68E+07
1059,455.3213196,15.080893,9147454
848,355.0560913,15.098187,6.79E+07
851,356.0593872,15.098187,7503351
1060,455.3213348,15.098187,1.05E+07
853,357.0518341,15.124124,9504223
987,411.2950439,15.124124,1.70E+07
1029,433.2770691,15.13277,8217050
852,356.0594177,15.141416,6965098
849,355.0560913,15.158708,6.11E+07
988,411.295105,15.158708,1.78E+07
878,367.2688599,15.176001,2.44E+07
937,384.2953796,15.176001,7003757.5
950,389.2507324,15.176001,1.20E+07
989,411.2951202,15.193291,1.55E+07
938,384.2954407,15.201939,7615890
951,389.2507935,15.201939,1.34E+07
993,414.1076813,15.201939,5.07E+07
999,415.1109924,15.201939,8066651
828,342.173172,15.210583,1.37E+07
831,343.2953186,15.210583,1.99E+07
879,367.2688751,15.210583,2.74E+07
829,342.1731415,15.236522,1.42E+07
952,389.2507019,15.236522,1.17E+07
994,414.1075897,15.236522,4.83E+07
1000,415.1109009,15.236522,7872992
880,367.2688293,15.245168,2.70E+07
939,384.2953491,15.245168,7484850.5
830,342.1732178,15.271106,1.29E+07
1017,423.1693115,15.288397,7.40E+07
1018,424.1725769,15.288397,1.74E+07
1020,425.1662903,15.288397,2.40E+07
1019,424.1726837,15.314337,1.60E+07
716,324.2459869,15.331631,6597909
835,345.2245789,15.331631,1.50E+07
703,323.2426453,15.340274,3.51E+07
813,340.2692261,15.340274,7784901
704,323.2427216,15.366212,3.77E+07
717,324.2460938,15.366212,6477571
814,340.2693176,15.366212,8391164
836,345.2246704,15.366212,1.60E+07
705,323.2426453,15.383506,3.73E+07
837,345.2245789,15.383506,1.58E+07
654,315.0659637,15.39215,9672532
718,324.2460327,15.400795,6619900
535,296.0254211,15.426735,7507908
655,315.0659485,15.426735,8897145
526,295.0220947,15.444027,7.52E+07
542,297.0178833,15.444027,6781716.5
815,340.2691956,15.444027,7933106.5
838,345.2245483,15.444027,1.47E+07
536,296.0254211,15.452673,8468539
527,295.0220947,15.47861,7.19E+07
543,297.0178528,15.47861,6244722
456,279.2164917,15.504548,2.75E+07
569,301.1983643,15.521841,7011323.5
457,279.2164307,15.530487,3.04E+07
458,279.2164612,15.547779,3.10E+07
570,301.1983337,15.565073,7662321.5
505,291.1800079,15.573716,1.17E+07
1037,441.1669006,15.582362,5.42E+07
1038,442.1701965,15.582362,1.28E+07
506,291.180069,15.599654,1.08E+07
507,291.180069,15.651531,1.09E+07
320,242.1433411,15.677469,1.14E+07
321,242.1433258,15.694762,1.12E+07
322,242.1433487,15.737992,1.07E+07
1162,557.38974,15.763929,1.41E+07
1163,557.3896179,15.781221,1.31E+07
1122,514.3668213,15.789867,5692179.5
1151,535.3454895,15.789867,1.08E+07
1119,513.3635254,15.807161,2.43E+07
1138,530.3900757,15.807161,7092333
573,302.1097717,15.815806,1.20E+08
1152,535.3453674,15.815806,1.20E+07
577,303.1131134,15.824454,2.17E+07
1123,514.3666992,15.824454,6112769
1120,513.3634338,15.833098,2.38E+07
1139,530.3899231,15.833098,7187198.5
574,302.1097412,15.841744,1.20E+08
578,303.1130371,15.841744,2.16E+07
514,293.0262146,15.850392,7080866.5
1121,513.3634033,15.867681,2.16E+07
1124,514.3666992,15.867681,5656683.5
499,291.0304565,15.876329,5.23E+07
1079,469.3370819,15.876329,3.91E+07
1095,486.3636017,15.876329,1.14E+07
1098,491.3190002,15.876329,1.99E+07
515,293.0262299,15.884973,7017060
500,291.0304413,15.893621,5.26E+07
1096,486.3635712,15.893621,1.18E+07
1082,470.3403931,15.910913,9533171
516,293.0262451,15.919559,6287066
902,376.13414,15.919559,1.19E+07
1080,469.3370819,15.919559,4.03E+07
1099,491.3189087,15.93685,1.71E+07
903,376.1341248,15.945496,1.28E+07
1081,469.3370056,15.954144,3.52E+07
1097,486.3635559,15.954144,1.12E+07
1100,491.3189087,15.954144,1.87E+07
1025,426.3139343,15.997373,1.25E+07
1039,442.3373108,15.997373,1.58E+07
1021,425.3106689,16.006021,6.06E+07
441,278.018219,16.014665,5979035
1007,418.0135651,16.023311,1.74E+07
1022,425.3107147,16.023311,5.94E+07
1026,426.3140717,16.023311,1.27E+07
1040,442.3373718,16.023311,1.46E+07
436,277.0148621,16.031959,8.20E+07
451,279.0106506,16.031959,1.16E+07
442,278.0182037,16.040603,6439431
1015,420.0105591,16.040603,1.20E+07
257,228.1958008,16.057896,2.02E+07
443,278.0181885,16.057896,6228327.5
1008,418.0136108,16.057896,1.95E+07
1023,425.3106384,16.057896,5.82E+07
1027,426.3140106,16.057896,1.36E+07
1041,442.337326,16.057896,1.61E+07
258,228.1958237,16.075186,2.10E+07
437,277.0149536,16.075186,7.57E+07
452,279.0106354,16.075186,9837305
1009,418.0136414,16.083834,1.83E+07
444,278.0182495,16.09248,5615515
1016,420.0105591,16.09248,1.18E+07
1024,425.31073,16.09248,5.87E+07
1028,426.3140564,16.09248,1.32E+07
1042,442.3373718,16.09248,1.48E+07
924,381.2844543,16.118417,6.32E+07
927,382.2877808,16.118417,1.29E+07
928,382.2878418,16.135711,1.36E+07
925,381.2844849,16.161648,6.66E+07
968,398.3111572,16.161648,1.68E+07
977,403.2664642,16.161648,2.90E+07
929,382.2878723,16.187586,1.40E+07
926,381.2845612,16.196232,6.53E+07
969,398.3111877,16.196232,1.71E+07
982,404.2698517,16.196232,6556021
893,374.2584839,16.204878,6942719
930,382.2878723,16.204878,1.41E+07
978,403.2665405,16.204878,3.28E+07
464,281.1575623,16.222169,6.03E+07
461,280.1542053,16.239463,3.85E+08
465,281.157608,16.256753,6.95E+07
1128,527.2059326,16.256753,9099026
343,249.0618591,16.282692,7249646.5
346,250.0555649,16.282692,1.71E+07
462,280.1542816,16.282692,3.80E+08
624,310.0410767,16.282692,7220438
840,352.2453918,16.282692,7800212
187,200.1839142,16.291338,1.02E+07
1087,478.3276367,16.291338,1.13E+07
74,130.1227188,16.299984,6328559
334,248.0585327,16.299984,5.76E+07
344,249.0618515,16.299984,6973703
347,250.0555191,16.299984,1.87E+07
463,280.1542358,16.299984,3.63E+08
466,281.1575928,16.299984,6.00E+07
610,307.049408,16.299984,7239656.5
184,199.1805725,16.30863,9.04E+07
263,230.1751404,16.30863,8.56E+07
270,231.1784592,16.30863,1.08E+07
618,309.0377045,16.30863,7.15E+07
625,310.0410461,16.30863,7848916
1129,527.2058105,16.30863,1.04E+07
188,200.1838989,16.325922,1.11E+07
335,248.0584869,16.325922,4.91E+07
619,309.0377045,16.325922,6.62E+07
345,249.0618134,16.343215,6225266.5
75,130.1226654,16.351859,5994944
185,199.1805115,16.351859,8.50E+07
189,200.1838989,16.351859,1.12E+07
271,231.1783905,16.351859,1.17E+07
801,338.2615356,16.360505,7186633.5
186,199.1805191,16.369153,8.38E+07
356,254.1432877,16.369153,7.66E+07
796,337.258194,16.369153,3.86E+07
846,354.28479,16.369153,7524591.5
858,359.2401428,16.369153,1.58E+07
1146,533.2906494,16.369153,2.34E+07
272,231.1784058,16.377799,1.19E+07
273,231.1784363,16.395093,1.19E+07
357,254.1433563,16.395093,8.31E+07
754,330.2322693,16.395093,7292777
797,337.2583008,16.395093,4.23E+07
847,354.28479,16.395093,7264211.5
859,359.2401886,16.395093,1.66E+07
76,130.1226654,16.412382,5920732.5
361,255.1466217,16.412382,9101315
802,338.2616272,16.412382,7527064
264,230.1750641,16.429674,8.10E+07
755,330.2321472,16.429674,7527558.5
798,337.2582092,16.429674,3.68E+07
274,231.1783905,16.446968,1.07E+07
756,330.2321777,16.446968,6563939.5
1189,615.4312134,16.446968,1.23E+07
1150,535.3062439,16.472905,1.81E+07
1190,615.4311829,16.472905,1.15E+07
1068,460.2851105,16.481551,7431033
358,255.1014862,16.498845,2.27E+07
193,207.1492157,16.524782,1.88E+08
359,255.1014862,16.524782,2.66E+07
1069,460.285141,16.524782,6758750
198,208.1525497,16.55072,2.81E+07
360,255.1015167,16.55072,2.45E+07
96,193.1587524,16.559364,4.81E+07
194,207.1492004,16.559364,2.15E+08
1165,571.4051514,16.559364,2.30E+07
1072,462.300827,16.568012,7.60E+07
1075,463.3041382,16.568012,1.83E+07
178,194.1620483,16.576657,7198157
371,257.1560059,16.576657,6485933.5
92,192.1382751,16.585303,6.36E+07
94,193.1417313,16.585303,8367077.5
97,193.1587219,16.585303,4.89E+07
195,207.1492081,16.585303,1.96E+08
199,208.1525421,16.585303,2.50E+07
365,256.1588745,16.585303,3.59E+08
375,257.1621704,16.585303,4.21E+07
381,258.1546936,16.585303,1.76E+07
1073,462.3008728,16.585303,7.77E+07
1076,463.3041229,16.585303,1.96E+07
1166,571.4052124,16.585303,2.06E+07
93,192.1383057,16.611241,6.56E+07
95,193.1417847,16.611241,9397939
179,194.1621399,16.611241,6742672
1045,447.2899017,16.611241,3.26E+07
1050,448.2932129,16.611241,7536304.5
98,193.158783,16.619887,4.98E+07
372,257.1561279,16.619887,6410761.5
376,257.1622314,16.619887,4.65E+07
382,258.1547546,16.619887,1.88E+07
1074,462.3008728,16.619887,6.91E+07
1077,463.3041992,16.619887,1.70E+07
1046,447.2900391,16.628534,3.52E+07
366,256.158905,16.637178,3.92E+08
373,257.1561127,16.637178,6563508
383,258.1547546,16.637178,1.80E+07
870,362.115097,16.637178,2.90E+07
1051,448.293335,16.637178,8268465
99,193.1587677,16.645824,4.45E+07
350,251.0233917,16.654472,1.69E+07
355,253.020462,16.654472,5110126
582,304.0457001,16.654472,3.48E+07
374,257.1560822,16.663116,6091188.5
1047,447.289978,16.663116,3.32E+07
1130,527.3791504,16.663116,2.65E+07
1134,528.3823853,16.663116,6724458.5
180,194.1620789,16.671762,6182129
367,256.1588745,16.671762,3.57E+08
377,257.1621857,16.671762,4.34E+07
583,304.0456848,16.671762,3.84E+07
1052,448.2932434,16.671762,7898671.5
351,251.0233765,16.68041,1.78E+07
1048,447.2900391,16.68041,3.31E+07
1131,527.3791504,16.68041,2.70E+07
100,193.1587677,16.689055,4.32E+07
1135,528.3824158,16.689055,6969591
584,304.0457306,16.706349,3.86E+07
596,306.0427551,16.706349,1.19E+07
352,251.023407,16.714993,1.74E+07
1116,506.1754761,16.714993,8073249
1132,527.3792725,16.714993,2.70E+07
1136,528.3825073,16.714993,7103211
101,193.1587677,16.723639,4.24E+07
597,306.0427551,16.723639,1.24E+07
1158,544.4057617,16.723639,1.38E+07
1159,549.3612061,16.732287,2.57E+07
1161,550.364502,16.732287,7024776
1133,527.3791504,16.766868,2.33E+07
1137,528.3824463,16.775516,6236188.5
1160,549.361084,16.784162,2.23E+07
900,376.0379333,16.792808,6.39E+07
907,377.0412598,16.792808,1.01E+07
911,378.0349426,16.792808,6.18E+07
914,379.038269,16.792808,9864031
278,233.0242767,16.810101,1.50E+07
901,376.0379028,16.810101,6.13E+07
908,377.0412292,16.810101,9380253
912,378.0349426,16.810101,5.95E+07
918,380.0319824,16.810101,1.85E+07
630,311.0169373,16.827391,1.73E+07
669,317.1640015,16.827391,1.75E+08
676,318.1673279,16.827391,2.51E+07
682,319.15979,16.827391,7685888
279,233.0242767,16.853329,1.64E+07
283,235.0213318,16.853329,1.08E+07
631,311.016983,16.853329,2.00E+07
670,317.164032,16.853329,1.98E+08
677,318.1673279,16.853329,2.76E+07
683,319.1597595,16.861976,8754793
284,235.021286,16.87062,1.05E+07
560,300.2037811,16.87062,7353161
1114,505.3347015,16.87062,3.14E+07
1117,506.3382111,16.87062,9180269
552,299.2004089,16.879268,3.48E+07
1090,483.3527985,16.879268,3.72E+07
1092,484.3561249,16.879268,9115678
1106,500.3793945,16.879268,1.35E+07
632,311.0169067,16.887914,1.71E+07
553,299.2003784,16.89656,3.71E+07
1091,483.3527679,16.89656,3.70E+07
1093,484.3560791,16.89656,9908771
1107,500.3793182,16.89656,1.53E+07
1115,505.3346863,16.89656,3.49E+07
1118,506.3381958,16.89656,8007363
561,300.2037201,16.905206,8200108.5
805,339.1216431,16.905206,4.15E+07
821,341.1186829,16.905206,1.33E+07
554,299.20047,16.922497,3.48E+07
562,300.2037659,16.922497,7854141.5
809,340.1250153,16.922497,7245348
822,341.1187134,16.922497,1.29E+07
1094,484.3561401,16.922497,9217928
1108,500.379364,16.922497,1.36E+07
213,215.0702209,16.948435,1.06E+07
661,316.0726929,16.965729,9514554
667,317.0664215,16.965729,1.71E+07
922,381.2662354,16.965729,7644745.5
214,215.0702515,16.974372,1.19E+07
662,316.0727386,16.98302,9465375
923,381.2663116,16.98302,7375308
215,215.0703125,17.008958,1.07E+07
663,316.0727692,17.008958,8127321.5
77,137.0961609,17.043543,8866122
176,194.11763,17.043543,4.11E+07
860,359.2532349,17.043543,8813209
1033,439.3265991,17.043543,4.05E+07
1035,440.3299561,17.043543,1.02E+07
1062,456.3531494,17.043543,1.38E+07
1070,461.3085022,17.043543,2.89E+07
204,210.0681076,17.052187,5050473.5
1031,436.234375,17.052187,1.73E+07
448,278.1053772,17.060833,7.44E+07
78,137.0961609,17.078127,1.02E+07
453,279.1087646,17.078127,1.22E+07
1063,456.3531647,17.078127,1.26E+07
1071,461.3085022,17.078127,2.56E+07
205,210.0680847,17.09542,5782097.5
449,278.1054382,17.09542,8.60E+07
454,279.1087799,17.09542,1.35E+07
861,359.2532349,17.09542,8725386
1034,439.3265991,17.09542,3.79E+07
1036,440.3299561,17.09542,8700373
79,137.0961304,17.104064,9669235
177,194.1176758,17.104064,4.41E+07
459,280.1024628,17.104064,2.85E+07
1064,456.3532104,17.104064,1.21E+07
206,210.0680542,17.130002,5642097
450,278.1054077,17.130002,8.38E+07
455,279.1087341,17.130002,1.29E+07
862,359.2532043,17.130002,8682671
460,280.102417,17.138648,2.56E+07
792,337.2400208,17.147296,8046510.5
247,226.1994934,17.164585,6736914.5
314,241.1416321,17.164585,2.15E+07
309,240.1382675,17.181879,1.49E+08
234,225.1960907,17.190525,5.29E+07
793,337.2399292,17.190525,8560543
1078,464.3271942,17.190525,1.01E+07
248,226.1993942,17.199173,6822056.5
592,305.0460968,17.199173,9454668
235,225.1960678,17.216462,4.83E+07
249,226.1994171,17.22511,7027816.5
310,240.1381836,17.22511,1.47E+08
315,241.14151,17.22511,2.52E+07
794,337.2399292,17.22511,8015015.5
946,388.1307983,17.22511,2.83E+07
953,390.1278534,17.22511,8793471
1148,535.2472534,17.22511,1.04E+07
593,305.0461731,17.2424,1.01E+07
795,337.2399902,17.2424,7608871.5
947,388.1308289,17.2424,2.85E+07
954,390.1278992,17.2424,9141735
1149,535.2473145,17.2424,9355927
250,226.1994629,17.251048,6292407.5
311,240.1382294,17.251048,1.41E+08
209,212.0836792,17.26834,3.12E+07
211,214.080719,17.26834,1.11E+07
363,256.1097717,17.26834,6.35E+07
369,257.1131439,17.26834,9457770
958,395.3002319,17.26834,2.35E+07
1199,629.4470825,17.26834,7810675.5
210,212.0837097,17.285631,3.61E+07
212,214.0807419,17.285631,1.08E+07
364,256.1098022,17.285631,7.05E+07
370,257.1131592,17.285631,9561932
380,258.1069031,17.285631,2.44E+07
607,307.0254059,17.285631,3.37E+07
959,395.3002625,17.285631,2.32E+07
960,396.9897614,17.294277,1.05E+07
970,398.9868164,17.294277,6697109.5
991,412.3267822,17.294277,6609512
1005,417.2821503,17.294277,3.47E+07
1010,418.2854462,17.294277,7061552.5
1200,629.4470825,17.294277,7703484
181,195.1016846,17.320215,1.65E+07
522,294.1365967,17.320215,1.06E+08
530,295.1400299,17.320215,1.74E+07
539,296.1336823,17.320215,3.27E+07
608,307.0254211,17.320215,3.80E+07
961,396.9897766,17.320215,1.20E+07
971,398.9867859,17.320215,7691729
992,412.3267822,17.320215,6422481.5
1006,417.2821655,17.320215,3.54E+07
1011,418.2854614,17.320215,7448685.5
80,139.0389862,17.328862,7514324
1145,533.2680969,17.337506,1.28E+07
182,195.1016617,17.346152,1.86E+07
523,294.1366425,17.346152,1.03E+08
531,295.1400146,17.346152,1.60E+07
540,296.1336823,17.346152,3.36E+07
1201,629.4470825,17.346152,7352031
1208,651.4289856,17.346152,1.69E+07
81,139.0389862,17.3548,8762108
609,307.0254517,17.3548,3.83E+07
532,295.1400757,17.363444,1.54E+07
541,296.1336975,17.363444,3.09E+07
183,195.1016693,17.372092,1.87E+07
1209,651.4290771,17.398029,1.45E+07
286,237.078949,17.406677,5.40E+07
292,238.0822754,17.406677,7280803
566,301.1181946,17.406677,2.66E+07
621,309.111969,17.406677,7.82E+07
627,310.1153564,17.406677,1.65E+07
1202,629.4472046,17.406677,8428622
301,239.076004,17.415321,1.78E+07
567,301.1182404,17.432615,2.77E+07
752,330.1098633,17.432615,1.57E+08
763,331.1131897,17.432615,3.32E+07
891,374.196106,17.432615,1.52E+08
895,375.1994171,17.432615,3.62E+07
293,238.082283,17.449904,8317087.5
568,301.1181946,17.449904,2.96E+07
622,309.1118774,17.449904,6.92E+07
634,311.1851501,17.449904,2.10E+07
753,330.1098328,17.449904,1.80E+08
764,331.113205,17.449904,3.77E+07
892,374.1960144,17.449904,1.46E+08
896,375.1993713,17.449904,3.28E+07
1185,607.4030151,17.449904,2.53E+07
538,296.1159668,17.458552,8.00E+07
544,297.1192932,17.458552,1.31E+07
545,298.1130219,17.458552,2.64E+07
722,326.0279236,17.458552,4.65E+07
302,239.0759735,17.467198,1.86E+07
1186,607.4029541,17.467198,2.35E+07
287,237.0788727,17.475844,6.00E+07
546,298.1129761,17.475844,2.47E+07
635,311.1850739,17.475844,2.13E+07
723,326.027832,17.475844,4.61E+07
765,331.1131287,17.475844,3.21E+07
288,237.0788879,17.493136,6.02E+07
294,238.0822144,17.493136,7680761.5
303,239.0759125,17.493136,1.84E+07
304,240.0785522,17.493136,4.14E+07
316,242.0755463,17.493136,1.30E+07
512,293.0098419,17.493136,3.67E+07
636,311.1850281,17.493136,2.05E+07
1177,602.4475098,17.493136,1.19E+07
338,249.0456696,17.501781,1.07E+07
1167,585.4210205,17.501781,1.55E+07
1187,607.4029541,17.501781,2.69E+07
513,293.0097961,17.510429,3.50E+07
1168,585.4209595,17.527719,1.32E+07
339,249.0456696,17.536367,9345297
766,331.226532,17.536367,2.36E+07
66,95.01266479,17.553657,8278896.5
589,304.1450653,17.553657,1.05E+07
681,319.1399231,17.553657,9422366
767,331.2265015,17.553657,2.14E+07
1169,585.420929,17.553657,1.37E+07
1188,607.402832,17.553657,2.35E+07
1191,619.2680664,17.553657,2.81E+07
318,242.1174469,17.562304,6965386
407,270.1123047,17.562304,1.00E+07
575,302.1385193,17.562304,7.12E+08
580,303.1418457,17.562304,1.29E+08
675,318.1365967,17.562304,5.35E+07
688,320.1336365,17.562304,1.88E+07
1179,603.2702026,17.562304,3.75E+07
1181,604.2735596,17.562304,1.51E+07
1193,620.2714233,17.562304,1.06E+07
67,95.01263428,17.579596,8054744
576,302.138504,17.579596,6.64E+08
581,303.1418457,17.579596,1.26E+08
1180,603.2702637,17.579596,3.60E+07
1192,619.2680664,17.579596,2.61E+07
1194,620.2714233,17.579596,9042855
319,242.1174316,17.588244,7013802.5
408,270.1123352,17.588244,9602947
1182,604.2735596,17.588244,1.37E+07
590,304.1451111,17.596888,9363856
776,334.1046448,17.596888,1.40E+08
782,335.1080322,17.596888,2.81E+07
1173,594.2559814,17.596888,1.06E+07
1204,635.2363281,17.596888,1.46E+07
340,249.0456696,17.614182,9731965
783,335.1080322,17.614182,2.72E+07
777,334.1047058,17.622825,1.43E+08
1172,593.2527161,17.622825,3.65E+07
1174,594.2560425,17.622825,1.19E+07
1175,595.2497864,17.622825,1.16E+07
726,327.0079346,17.631471,2.14E+07
740,329.0049438,17.631471,2.03E+07
727,327.0078735,17.648763,2.10E+07
741,329.0049133,17.648763,2.00E+07
1155,541.3948364,17.657411,1.62E+07
1164,563.3766174,17.657411,2.03E+07
998,415.1028442,17.674702,4.31E+07
1140,531.24823,17.674702,9740820
1156,541.3947754,17.674702,1.85E+07
341,249.0456085,17.683348,1.07E+07
706,323.9877625,17.683348,2.56E+07
742,329.0048981,17.683348,1.76E+07
342,249.045639,17.70064,9413090
1141,531.248291,17.709286,8499527
707,323.9878235,17.717934,2.73E+07
222,223.0964966,17.735223,4.72E+07
227,224.0998154,17.735223,6517576.5
708,323.9878235,17.735223,2.70E+07
1142,531.248291,17.735223,8374300
1157,541.3948975,17.735223,1.73E+07
85,177.054657,17.743871,1.00E+07
948,388.2741089,17.743871,8958273
200,209.1365967,17.752517,9187622
82,149.0233536,17.761163,6617665.5
86,177.0546494,17.761163,1.13E+07
196,208.1332245,17.761163,7.03E+07
223,223.0964966,17.761163,4.89E+07
228,224.0998459,17.761163,6203033
533,295.1464233,17.769811,1.47E+07
1109,501.2692871,17.769811,9095172
524,294.1430206,17.787101,1.10E+08
525,294.1430359,17.804392,1.03E+08
534,295.1463928,17.804392,1.62E+07
1110,501.2691956,17.804392,7890319.5
90,189.0910339,17.83033,9578710
197,208.1332397,17.83033,6.66E+07
201,209.1365967,17.83033,8777900
216,218.0134201,17.83033,2.18E+07
220,220.0104675,17.83033,1.38E+07
224,223.0964966,17.83033,4.50E+07
229,224.0998383,17.83033,6734120
260,230.116684,17.83033,2.33E+08
267,231.1200104,17.83033,2.26E+07
275,232.1136932,17.83033,7.77E+07
280,233.1170349,17.83033,7517232
401,268.1542358,17.83033,5.81E+07
673,318.0128784,17.83033,1.10E+07
974,399.0968018,17.83033,7.73E+07
976,400.1000824,17.83033,1.25E+07
241,226.1073761,17.838978,1.27E+07
996,415.0471802,17.838978,1.26E+07
91,189.0910339,17.856269,9777383
217,218.0134277,17.856269,2.20E+07
221,220.0104752,17.856269,1.35E+07
242,226.1074066,17.856269,1.35E+07
261,230.1167068,17.856269,2.41E+08
268,231.1200104,17.856269,2.33E+07
276,232.1137085,17.856269,8.12E+07
281,233.1170425,17.856269,7681479
402,268.1542358,17.856269,6.60E+07
405,269.1575623,17.856269,9604616
674,318.0129395,17.856269,1.21E+07
997,415.0471649,17.856269,1.32E+07
1103,497.3684998,17.864915,1.48E+07
1125,519.3505859,17.864915,1.56E+07
403,268.1541748,17.882207,5.84E+07
874,366.2610321,17.882207,8296455.5
981,404.1239624,17.890853,1.57E+08
985,405.1272583,17.890853,3.71E+07
262,230.1166534,17.899501,2.20E+08
269,231.1199799,17.899501,2.18E+07
277,232.1136627,17.899501,7.19E+07
282,233.1169891,17.899501,7107942
406,269.1575012,17.899501,8522234
875,366.2609406,17.899501,8631306
1104,497.3684082,17.899501,1.67E+07
1126,519.3504639,17.908144,1.40E+07
876,366.2610474,17.934084,9526634
990,412.1308899,17.934084,2.28E+07
1105,497.3684387,17.934084,1.59E+07
1127,519.3505249,17.934084,1.64E+07
243,226.1338501,17.94273,7.19E+07
254,227.137207,17.94273,1.05E+07
218,218.0479889,17.968667,7883085
244,226.1339188,17.968667,7.01E+07
255,227.1372757,17.968667,1.06E+07
493,289.1212769,17.968667,9.47E+07
498,290.1246643,17.968667,1.48E+07
503,291.1182709,17.968667,3.07E+07
245,226.1338882,17.985959,7.43E+07
256,227.1372375,17.985959,1.13E+07
494,289.1213379,17.985959,8.73E+07
504,291.1183777,17.985959,2.83E+07
219,218.0480194,17.994605,9075128
728,327.0199585,17.994605,6.02E+07
743,329.0168152,17.994605,2.15E+07
729,327.019989,18.020543,6.75E+07
733,328.0233154,18.020543,9694689
897,375.9612427,18.020543,1.87E+07
730,327.019989,18.037836,6.63E+07
744,329.0168762,18.037836,2.40E+07
898,375.9613342,18.046482,2.12E+07
909,377.9588928,18.046482,3.22E+07
916,379.956131,18.046482,1.49E+07
587,304.1291351,18.05513,1.69E+07
734,328.0233154,18.05513,8560338
745,329.0168762,18.063774,2.16E+07
1143,532.2356567,18.063774,1.13E+07
579,303.1257324,18.07242,9.65E+07
588,304.1290894,18.07242,1.72E+07
594,305.1228027,18.07242,3.12E+07
731,327.0199585,18.07242,5.83E+07
735,328.0233765,18.07242,8378945.5
899,375.9612732,18.07242,1.88E+07
910,377.958847,18.07242,3.14E+07
917,379.9561157,18.07242,1.41E+07
1144,532.2355347,18.081068,1.01E+07
919,380.1911926,18.107005,4.83E+07
519,293.1243286,18.115649,2.22E+07
510,292.1209717,18.124297,1.35E+08
521,294.1179352,18.124297,4.47E+07
750,330.0801544,18.124297,3.53E+08
760,331.0835266,18.124297,6.43E+07
769,332.0772095,18.124297,1.11E+08
771,333.0805511,18.124297,1.92E+07
803,339.0304565,18.124297,8413146
887,372.028717,18.124297,5.71E+07
890,374.0257568,18.124297,3.74E+07
921,381.194519,18.132943,1.20E+07
520,293.1243286,18.141588,2.02E+07
641,313.0696716,18.141588,1.15E+07
804,339.0305176,18.141588,7549244.5
888,372.0286865,18.141588,5.93E+07
913,378.1941528,18.141588,1.70E+08
915,379.1974945,18.141588,3.53E+07
920,380.1911926,18.141588,5.44E+07
639,312.06633,18.150234,7.27E+07
649,314.0633545,18.150234,4.63E+07
659,316.0604248,18.150234,7791880.5
640,312.0663452,18.167526,7.96E+07
445,278.078949,18.176172,1.83E+07
642,313.0696716,18.176172,1.22E+07
650,314.0633545,18.176172,5.23E+07
660,316.0605164,18.176172,8826202
1056,453.3421631,18.176172,6526332
348,251.0162354,18.18482,8977674
440,277.0852661,18.18482,7367427
1083,475.3243103,18.18482,7367445
336,249.0191803,18.193464,1.30E+07
431,276.0819092,18.193464,6.03E+07
384,258.1699829,18.202109,5739891
446,278.0788574,18.202109,2.01E+07
528,295.1036682,18.202109,1.32E+07
537,296.09729,18.202109,2.87E+07
819,341.0717773,18.202109,3.46E+07
1057,453.3422241,18.202109,6655637
337,249.0191803,18.210757,1.38E+07
385,258.1699829,18.219401,6513379.5
432,276.0818787,18.219401,5.60E+07
447,278.0787964,18.219401,1.92E+07
529,295.1035767,18.219401,1.15E+07
781,335.0805969,18.219401,6869447.5
820,341.0716553,18.219401,3.12E+07
1084,475.3241882,18.219401,7922168
349,251.0161896,18.228049,7968810.5
678,319.074585,18.228049,1.48E+08
692,321.0703735,18.236695,6924982.5
684,320.0779419,18.245341,2.57E+07
386,258.1698608,18.253987,5915161.5
679,319.0744934,18.253987,1.59E+08
839,345.2421875,18.253987,1.52E+07
1183,605.1330566,18.253987,6785173.5
1206,646.1287842,18.253987,8856142
680,319.0745544,18.288572,1.41E+08
685,320.0779114,18.288572,2.19E+07
736,328.0611877,18.288572,3.56E+08
746,329.0645447,18.288572,5.37E+07
749,330.0582275,18.288572,2.26E+08
758,331.0615082,18.288572,3.57E+07
768,332.0551605,18.288572,3.74E+07
865,361.1633301,18.288572,1.22E+07
1178,603.1361389,18.288572,8123008.5
1184,605.1331177,18.288572,7544869.5
1207,646.1287537,18.288572,9607525
387,260.0238953,18.340447,7415771
550,299.0846863,18.340447,1.40E+08
558,300.0880127,18.340447,2.42E+07
565,301.0804749,18.340447,6135275
551,299.0847168,18.357739,1.52E+08
559,300.0880432,18.357739,2.46E+07
571,302.0707092,18.357739,1.45E+07
585,304.0677185,18.357739,8717762
388,260.0238953,18.37503,7099895
572,302.0707092,18.37503,1.37E+07
586,304.0677185,18.37503,8646743
962,397.0535583,18.409614,1.05E+08
965,398.0568848,18.409614,1.88E+07
972,399.0505981,18.409614,3.44E+07
664,316.1074829,18.418262,6.17E+07
668,317.1108398,18.418262,1.11E+07
973,399.0505981,18.435553,3.12E+07
1195,621.4182739,18.435553,1.17E+07
1205,636.1414795,18.435553,2.12E+07
71,114.9613266,18.444199,7218463.5
83,171.0238953,18.444199,1.09E+07
312,241.0528259,18.452845,2.11E+07
397,264.9785156,18.452845,8693643
690,321.0410461,18.452845,2.89E+08
694,322.0443726,18.452845,2.73E+07
698,323.0368042,18.452845,3.97E+07
772,333.1805878,18.452845,7.37E+07
779,334.1839294,18.452845,1.44E+07
72,114.9613342,18.470139,7550884
84,171.0239182,18.470139,1.19E+07
313,241.0528412,18.470139,1.81E+07
398,264.9785156,18.470139,8571090
773,333.1806335,18.470139,6.81E+07
780,334.18396,18.470139,1.27E+07
691,321.0410614,18.478783,2.99E+08
699,323.0368347,18.478783,4.22E+07
1196,621.418396,18.478783,1.16E+07
695,322.044342,18.487429,2.92E+07
73,114.9613495,18.496076,6955192.5
931,382.9725037,18.522014,1.90E+07
940,384.9695435,18.522014,1.76E+07
1197,621.418396,18.522014,1.14E+07
1198,628.1864014,18.522014,3.35E+07
1203,630.1831055,18.522014,1.48E+07
617,308.1522369,18.53066,8.26E+07
623,309.1555481,18.53066,1.40E+07
628,310.1492615,18.53066,2.81E+07
941,384.9695587,18.539306,1.61E+07
325,243.0636444,18.556597,4.41E+07
799,338.0765076,18.565243,1.07E+07
643,313.1544495,18.573891,8068444
787,336.0794678,18.573891,3.48E+07
825,342.1464844,18.573891,9084947
885,370.220459,18.573891,1.10E+07
791,337.1211853,18.582535,1.46E+07
884,369.2171021,18.582535,4.48E+07
202,209.1536407,18.591181,1.16E+08
207,210.1569672,18.591181,1.61E+07
644,313.1544647,18.591181,7504256
761,331.0979614,18.591181,6843240
826,342.1464691,18.591181,8914863
886,370.220459,18.591181,1.10E+07
738,328.09758,18.599829,6.33E+07
203,209.1536407,18.617118,1.33E+08
739,328.0976257,18.617118,7.32E+07
748,329.1009521,18.617118,1.23E+07
751,330.094635,18.617118,4.72E+07
762,331.0979614,18.617118,7700586
827,342.1464539,18.617118,8076227.5
1176,599.255127,18.617118,1.42E+07
192,207.138031,18.625766,6655616
208,210.1569672,18.625766,1.89E+07
1088,480.3108368,18.625766,8147656.5
1089,480.3108673,18.643058,7192732
251,227.090271,18.66035,5691540.5
416,272.1643372,18.66035,9.71E+07
418,273.1676941,18.66035,1.84E+07
1101,497.2442322,18.66035,1.88E+07
239,226.0869675,18.677643,7.66E+07
389,260.1756897,18.677643,6452452
417,272.1643982,18.677643,9.89E+07
419,273.1677246,18.677643,1.82E+07
1102,497.2442932,18.677643,1.84E+07
362,256.0289764,18.686287,2.21E+07
378,258.0260315,18.686287,1.40E+07
518,293.1170349,18.686287,1.22E+07
379,258.0260925,18.703581,1.44E+07
390,260.175705,18.712225,6364075.5
252,227.0902481,18.720873,6472911
240,226.0869064,18.74681,8.18E+07
253,227.0902252,18.74681,6247906
391,260.1756897,18.74681,6890375.5
700,323.069519,18.74681,1.30E+07
757,331.0431519,18.74681,5.55E+07
800,338.1860352,18.772748,1.91E+07
491,289.1020203,18.781396,8.50E+07
496,290.1053772,18.781396,1.23E+07
714,324.1203613,18.781396,4.57E+07
719,325.1237335,18.781396,8598798
492,289.1020355,18.807333,9.14E+07
497,290.1053925,18.807333,1.32E+07
709,324.0631104,18.807333,2.72E+07
715,324.1203766,18.807333,5.16E+07
720,325.1237183,18.807333,9303808
412,271.1520691,18.841916,1.31E+07
392,260.1756592,18.850562,6603784.5
411,270.1487122,18.850562,6.99E+07
701,323.069397,18.850562,1.37E+07
393,260.1756897,18.885148,6889952
651,314.0720673,18.885148,9.19E+07
656,315.0753784,18.885148,1.29E+07
696,322.0661011,18.885148,8.71E+07
702,323.0694275,18.885148,1.46E+07
710,324.0629883,18.885148,3.14E+07
394,260.1757202,18.902437,7326780.5
711,324.0630188,18.902437,2.69E+07
395,260.1756592,18.928377,6272589.5
637,312.0162506,18.954315,1.17E+07
645,314.0133667,18.954315,7430756
873,364.9063416,18.954315,1.04E+07
877,366.9033813,18.954315,1.35E+07
638,312.0162048,18.980252,1.09E+07
646,314.0132446,18.980252,7135574
232,225.1215363,18.997544,1.80E+07
501,291.0717163,18.997544,2.67E+08
871,364.0734558,18.997544,3.15E+07
87,188.9674149,19.00619,9776849
265,231.0143585,19.00619,1.60E+07
230,224.1181946,19.014838,1.23E+08
502,291.0717163,19.014838,2.76E+08
509,292.0750122,19.014838,3.49E+07
517,293.0675049,19.014838,2.50E+07
88,188.9674377,19.032129,1.00E+07
266,231.014389,19.032129,1.61E+07
471,284.0714417,19.032129,3.96E+07
483,286.068512,19.032129,2.46E+07
89,188.967453,19.049421,9532658
231,224.1182098,19.049421,1.25E+08
467,282.0922546,19.049421,7523738
472,284.0715027,19.049421,3.88E+07
484,286.068512,19.049421,2.49E+07
233,225.1215439,19.058067,1.91E+07
689,320.1522522,19.075358,6.08E+07
693,321.1555786,19.075358,1.16E+07
697,322.1492615,19.075358,2.01E+07
712,324.081665,19.075358,2.41E+07
468,282.0922852,19.092652,6439546
713,324.0817566,19.092652,2.24E+07
295,238.0992584,19.153173,1.85E+07
305,240.0962601,19.153173,5767010
285,235.1885529,19.170467,1.87E+07
409,270.1253967,19.170467,2.51E+07
413,272.1224365,19.170467,7747656.5
473,284.1410522,19.170467,9.67E+07
480,285.1444092,19.170467,1.52E+07
485,286.138092,19.170467,3.23E+07
306,240.0962982,19.187756,6534464.5
296,238.0992432,19.196404,2.09E+07
474,284.1410828,19.196404,9.89E+07
486,286.1381226,19.196404,3.18E+07
236,226.0806885,19.205048,7359000.5
414,272.122467,19.205048,8031584.5
481,285.1444397,19.205048,1.56E+07
297,238.0993042,19.222342,1.97E+07
307,240.0963211,19.222342,6549887.5
410,270.1254883,19.222342,2.34E+07
225,224.0837555,19.230988,2.66E+07
237,226.0807343,19.230988,8579392
415,272.1225281,19.239634,7821139
226,224.0837555,19.256925,2.30E+07
238,226.0807495,19.256925,7429681
823,342.0769348,19.291509,2.17E+07
832,344.0740051,19.291509,1.41E+07
841,353.222229,19.291509,2.78E+07
824,342.0769958,19.326096,2.33E+07
833,344.0740051,19.326096,1.47E+07
737,328.0791016,19.343386,1.96E+07
724,326.0820618,19.352034,2.98E+07
864,360.9737244,19.421201,1.14E+07
647,314.0488586,19.429848,3.62E+07
854,358.9766846,19.429848,1.19E+07
657,316.0458069,19.438492,1.34E+07
400,268.1185608,19.473076,2.59E+07
648,314.0488281,19.473076,3.25E+07
658,316.0457764,19.473076,1.15E+07
747,329.0816956,19.499013,1.23E+07
759,331.0787354,19.499013,7961646
652,314.1384888,19.524953,1.22E+07
653,314.1385498,19.542244,1.21E+07
882,368.1102905,19.542244,4.08E+07
979,404.0299683,19.542244,1.02E+07
883,368.110321,19.559538,4.29E+07
420,274.1913452,19.568182,2.89E+07
426,275.071167,19.568182,3.03E+07
439,277.0682068,19.568182,1.89E+07
980,404.0299988,19.568182,1.11E+07
721,325.2008362,19.628705,2.37E+07
983,404.9238434,19.628705,1.00E+07
984,404.9238586,19.645997,9102965
421,274.1913147,19.654642,2.73E+07
725,326.1749573,19.697874,8.43E+07
732,327.1782532,19.697874,1.92E+07
331,245.1761017,19.723811,2.62E+07
508,291.195343,19.723811,1.40E+07
332,245.1761017,19.741105,2.40E+07
353,252.1594009,19.749749,2.44E+07
354,252.1593475,19.784332,2.25E+07
308,240.114975,19.810272,2.92E+07
317,242.1119995,19.810272,9416603
774,334.0523987,19.905378,1.21E+07
785,336.0494385,19.905378,1.17E+07
190,200.200943,19.914024,3.13E+07
775,334.0524445,19.931316,1.11E+07
786,336.0494843,19.931316,1.04E+07
881,368.0303955,19.931316,1.50E+07
872,364.1108093,20.00913,1.16E+07
602,306.1632996,20.017776,9.36E+07
612,307.1665955,20.017776,1.60E+07
963,397.1002502,20.026424,1.90E+07
399,267.1719055,20.052362,7.41E+07
404,268.1752625,20.052362,9796622
964,397.1002808,20.052362,1.66E+07
1147,533.3369751,20.052362,1.29E+07
1153,541.3403931,20.052362,8998949
1154,541.3403931,20.078299,8504500
427,275.1752472,20.086945,9.38E+07
433,276.1786194,20.086945,1.61E+07
428,275.1752625,20.112883,1.08E+08
434,276.1786346,20.112883,1.85E+07
603,306.1632996,20.112883,1.07E+08
613,307.1665344,20.112883,1.88E+07
604,306.1632996,20.147466,1.03E+08
614,307.1665344,20.147466,1.79E+07
605,306.1632996,20.173404,1.04E+08
615,307.1665344,20.173404,1.77E+07
1030,435.2952881,20.259866,1.48E+08
1032,436.298645,20.259866,3.60E+07
1065,457.2770538,20.277156,2.26E+07
1066,457.2771606,20.29445,1.99E+07
599,306.1036987,20.35497,1.96E+07
600,306.1036835,20.380908,1.85E+07
889,373.0716553,20.406848,2.12E+07
894,375.0686798,20.406848,1.34E+07
601,306.1036377,20.441433,1.96E+07
975,399.2505951,20.631644,2.35E+07
843,354.1321106,20.769979,1.43E+07
778,334.1347656,21.470309,8.04E+07
784,335.1379547,21.470309,1.20E+07
42,90.5259285,26.562822,7605850
68,102.033905,26.562822,7723750
43,90.5259285,26.597403,7523603
69,102.0339355,26.631987,6663483
44,90.52593231,26.692512,7570860.5
45,90.52592468,26.744387,7668058
46,90.5259285,26.77897,7149641
47,90.52593231,26.830847,7727577.5
70,102.033905,26.830847,6682454
48,90.52592087,26.900016,7955430.5
49,90.52592468,26.925954,7857480
50,90.52591705,26.960537,7611697.5
51,90.52591705,26.995121,7561114
52,90.52590942,27.029706,7630419.5
53,90.52590942,27.064289,7560185.5
54,90.52592087,27.098873,7708750.5
55,90.52592468,27.124812,7475071
56,90.52591705,27.159398,7555440
57,90.52590179,27.228565,7553283.5
58,90.52590179,27.254502,7397895
59,90.52590942,27.28044,7330829.5
60,90.52590561,27.323671,7087670
61,90.52590942,27.358254,7244453.5
62,90.52590179,27.401484,6958788.5
63,90.52590942,27.453361,7029888
64,90.52590942,27.505236,7284046
65,90.52591705,27.634928,7029694
137,193.9892349,27.807849,5217676
138,193.9892273,27.885663,5115480.5
139,193.9892273,27.95483,5573029.5
140,193.9892273,27.980768,5462867.5
141,193.9892807,28.023999,5530367
142,193.9892426,28.075874,5289251.5
40,84.08083344,28.093168,1.13E+07
143,193.9891815,28.127751,5275722
144,193.9892578,28.162334,5095014.5
145,193.9892273,28.22286,5184267.5
146,193.9892578,28.274735,5125968
147,193.9892502,28.309318,5129044.5
148,193.9891968,28.361193,5367296.5
149,193.9892578,28.387131,5198998.5
150,193.9892273,28.439008,5518174.5
151,193.9892502,28.464945,5524485
152,193.9892273,28.508179,5219193
153,193.9892654,28.525468,4988566
154,193.9892273,28.560054,5280527
155,193.989212,28.646512,4991520.5
156,193.9892273,28.724327,5071545
157,193.9892426,28.750264,5197881.5
158,193.989212,28.793496,5466448
159,193.9892578,28.854017,5440127
160,193.9892578,28.931831,5145078.5
161,193.9892578,28.966415,5144459.5
162,193.9892578,29.009646,5269843
163,193.9892502,29.044229,5102978.5
164,193.9892502,29.078815,5400790
165,193.989212,29.303611,5160544
166,193.9892197,29.329548,5356418.5
167,193.9892349,29.355486,4802301
168,193.9892426,29.424655,4986997
169,193.9892426,29.459238,5230852.5
170,193.9892578,29.493824,5029694.5
171,193.9892426,29.545701,5350012
172,193.9892426,29.597578,5085997.5
173,193.9892349,29.632159,5053530
174,193.9892197,29.770495,4890803
41,84.08085632,29.787789,1.04E+07
175,193.9893112,29.856957,4811149